{"stats":{"minecraft:mined":{"minecraft:spruce_log":9,"minecraft:dandelion":3,"minecraft:grass":1,"minecraft:grass_block":10,"minecraft:coal_ore":9,"minecraft:dirt":24,"minecraft:spruce_leaves":1,"minecraft:stone":31},"minecraft:killed":{"minecraft:pig":3,"minecraft:rabbit":3},"minecraft:custom":{"minecraft:time_since_rest":2154,"minecraft:interact_with_furnace":3,"minecraft:sprint_one_cm":79082,"minecraft:damage_taken":110,"minecraft:walk_one_cm":40704,"minecraft:mob_kills":7,"minecraft:drop":1,"minecraft:damage_dealt":470,"minecraft:interact_with_crafting_table":18,"minecraft:fly_one_cm":44499,"minecraft:crouch_one_cm":4919,"minecraft:play_time":19644,"minecraft:sneak_time":1107,"minecraft:jump":203,"minecraft:walk_on_water_one_cm":1169,"minecraft:leave_game":5,"minecraft:time_since_death":19644,"minecraft:sleep_in_bed":1,"minecraft:total_world_time":19644,"minecraft:fall_one_cm":3888},"minecraft:crafted":{"minecraft:crafting_table":2,"minecraft:spruce_planks":32,"minecraft:stick":8,"minecraft:wooden_pickaxe":1,"minecraft:stone_pickaxe":1,"minecraft:furnace":1,"minecraft:stone_axe":1,"minecraft:cooked_rabbit":2},"minecraft:picked_up":{"minecraft:dandelion":3,"minecraft:porkchop":5,"minecraft:spruce_log":12,"minecraft:rabbit_foot":1,"minecraft:dirt":33,"minecraft:rabbit_hide":1,"minecraft:rabbit":3,"minecraft:coal":9,"minecraft:cobblestone":30},"minecraft:dropped":{"minecraft:white_bed":1},"minecraft:used":{"minecraft:stone_pickaxe":34,"minecraft:wooden_pickaxe":6,"minecraft:stone_axe":13,"minecraft:dirt":24,"minecraft:crafting_table":2,"minecraft:furnace":1,"minecraft:cooked_rabbit":2,"minecraft:white_bed":1}},"DataVersion":3465}