{"stats":{"minecraft:crafted":{"minecraft:oak_planks":12,"minecraft:crafting_table":1,"minecraft:stick":4,"minecraft:stone_pickaxe":1,"minecraft:wooden_pickaxe":1},"minecraft:used":{"minecraft:cobblestone":2,"minecraft:crafting_table":1,"minecraft:stone_pickaxe":13,"minecraft:wooden_pickaxe":7},"minecraft:custom":{"minecraft:time_since_rest":1143,"minecraft:damage_taken":10802,"minecraft:play_time":14291,"minecraft:crouch_one_cm":164,"minecraft:sprint_one_cm":57864,"minecraft:walk_one_cm":26340,"minecraft:deaths":3,"minecraft:sneak_time":72,"minecraft:jump":253,"minecraft:damage_dealt":29,"minecraft:leave_game":9,"minecraft:time_since_death":1030,"minecraft:total_world_time":14291,"minecraft:interact_with_crafting_table":2,"minecraft:fly_one_cm":50915,"minecraft:fall_one_cm":7406},"minecraft:mined":{"minecraft:grass":24,"minecraft:grass_block":4,"minecraft:oak_log":3,"minecraft:coal_ore":6,"minecraft:dirt":3,"minecraft:iron_ore":2,"minecraft:tall_grass":2,"minecraft:cherry_log":1,"minecraft:stone":12,"minecraft:dandelion":12},"minecraft:picked_up":{"minecraft:raw_iron":16,"minecraft:bone":1,"minecraft:wooden_pickaxe":3,"minecraft:wheat_seeds":3,"minecraft:dandelion":44,"minecraft:oak_log":3,"minecraft:cherry_log":4,"minecraft:coal":18,"minecraft:dirt":14,"minecraft:cobblestone":18},"minecraft:killed_by":{"killers:clown_killer":2,"from_the_nightmare:agressive_predator":1}},"DataVersion":3465}