{"stats":{"minecraft:used":{"minecraft:crafting_table":1,"minecraft:stone_pickaxe":13,"minecraft:wooden_pickaxe":4},"minecraft:custom":{"minecraft:time_since_rest":5060,"minecraft:crouch_one_cm":88,"minecraft:sprint_one_cm":16494,"minecraft:play_time":5060,"minecraft:walk_one_cm":8798,"minecraft:sneak_time":47,"minecraft:jump":86,"minecraft:leave_game":4,"minecraft:time_since_death":5060,"minecraft:total_world_time":5060,"minecraft:interact_with_crafting_table":2,"minecraft:fall_one_cm":1637,"minecraft:fly_one_cm":12169},"minecraft:crafted":{"minecraft:oak_planks":12,"minecraft:crafting_table":1,"minecraft:stick":4,"minecraft:stone_pickaxe":1,"minecraft:wooden_pickaxe":1},"minecraft:mined":{"minecraft:grass":20,"minecraft:coal_ore":6,"minecraft:grass_block":4,"minecraft:oak_log":3,"minecraft:dirt":3,"minecraft:iron_ore":2,"minecraft:tall_grass":2,"minecraft:cherry_log":1,"minecraft:stone":9,"minecraft:dandelion":12},"minecraft:picked_up":{"minecraft:raw_iron":2,"minecraft:wheat_seeds":2,"minecraft:dandelion":12,"minecraft:oak_log":3,"minecraft:cherry_log":1,"minecraft:coal":6,"minecraft:dirt":7,"minecraft:cobblestone":9}},"DataVersion":3465}