{"stats":{"minecraft:crafted":{"minecraft:oak_planks":12,"minecraft:crafting_table":1,"minecraft:stick":4,"minecraft:stone_pickaxe":1,"minecraft:wooden_pickaxe":1},"minecraft:used":{"minecraft:crafting_table":1,"minecraft:stone_pickaxe":13,"minecraft:wooden_pickaxe":4},"minecraft:custom":{"minecraft:time_since_rest":606,"minecraft:damage_taken":10080,"minecraft:play_time":8256,"minecraft:crouch_one_cm":88,"minecraft:sprint_one_cm":19827,"minecraft:walk_one_cm":12396,"minecraft:deaths":1,"minecraft:sneak_time":52,"minecraft:jump":97,"minecraft:leave_game":9,"minecraft:time_since_death":318,"minecraft:total_world_time":8256,"minecraft:interact_with_crafting_table":2,"minecraft:fly_one_cm":13378,"minecraft:fall_one_cm":1637},"minecraft:mined":{"minecraft:grass":20,"minecraft:grass_block":4,"minecraft:oak_log":3,"minecraft:coal_ore":6,"minecraft:dirt":3,"minecraft:iron_ore":2,"minecraft:tall_grass":2,"minecraft:cherry_log":1,"minecraft:stone":9,"minecraft:dandelion":12},"minecraft:picked_up":{"minecraft:raw_iron":2,"minecraft:wheat_seeds":2,"minecraft:dandelion":12,"minecraft:oak_log":3,"minecraft:cherry_log":1,"minecraft:coal":6,"minecraft:dirt":7,"minecraft:cobblestone":9},"minecraft:killed_by":{"from_the_nightmare:agressive_predator":1}},"DataVersion":3465}