{"stats":{"minecraft:mined":{"minecraft:spruce_log":9,"minecraft:dandelion":3,"gravestone:gravestone":1,"minecraft:grass":1,"minecraft:grass_block":16,"minecraft:coal_ore":21,"minecraft:dirt":27,"minecraft:spruce_leaves":1,"minecraft:stone":34},"minecraft:killed":{"killers:abstract_killer":1,"minecraft:pig":3,"minecraft:rabbit":3},"minecraft:custom":{"minecraft:time_since_rest":8463,"minecraft:interact_with_furnace":15,"minecraft:sprint_one_cm":84846,"minecraft:damage_taken":10320,"minecraft:walk_one_cm":49316,"minecraft:mob_kills":8,"minecraft:drop":2,"minecraft:damage_dealt":2263,"minecraft:interact_with_crafting_table":18,"minecraft:fly_one_cm":45085,"minecraft:crouch_one_cm":6467,"minecraft:play_time":30753,"minecraft:deaths":1,"minecraft:sneak_time":1871,"minecraft:jump":247,"minecraft:leave_game":12,"minecraft:time_since_death":8279,"minecraft:walk_on_water_one_cm":1169,"minecraft:sleep_in_bed":1,"minecraft:total_world_time":30753,"minecraft:fall_one_cm":4707},"minecraft:crafted":{"minecraft:crafting_table":2,"minecraft:spruce_planks":32,"minecraft:stick":8,"minecraft:wooden_pickaxe":1,"minecraft:stone_pickaxe":1,"minecraft:furnace":1,"minecraft:stone_axe":1,"minecraft:cooked_rabbit":2},"minecraft:picked_up":{"minecraft:raw_iron":7,"minecraft:dandelion":3,"minecraft:porkchop":5,"minecraft:spruce_log":12,"minecraft:dirt":42,"minecraft:rabbit_foot":1,"minecraft:rotten_flesh":2,"minecraft:stone_axe":1,"minecraft:rabbit_hide":1,"minecraft:iron_ingot":7,"gamma_beasts:coal_nugget":5,"minecraft:rabbit":3,"minecraft:coal":21,"minecraft:cobblestone":32},"minecraft:used":{"minecraft:stone_pickaxe":49,"minecraft:wooden_pickaxe":11,"minecraft:rotten_flesh":1,"minecraft:stone_axe":38,"minecraft:dirt":42,"minecraft:cobblestone":12,"minecraft:crafting_table":2,"minecraft:furnace":1,"minecraft:white_bed":1,"minecraft:cooked_rabbit":2},"minecraft:dropped":{"minecraft:stone_axe":1,"minecraft:white_bed":1}},"DataVersion":3465}