{"stats":{"minecraft:mined":{"minecraft:light_gray_carpet":3,"minecraft:spruce_planks":5,"minecraft:white_bed":3,"minecraft:red_bed":1,"minecraft:iron_ore":2,"minecraft:ice":2,"minecraft:white_carpet":9,"minecraft:spruce_log":13,"minecraft:dandelion":21,"minecraft:torch":3,"minecraft:crafting_table":2,"gamma_beasts:thin_oak_log":1,"gravestone:gravestone":2,"minecraft:granite":12,"minecraft:grass":17,"minecraft:oak_log":2,"minecraft:grass_block":12,"minecraft:coal_ore":22,"minecraft:poppy":1,"minecraft:dirt":2,"minecraft:cobblestone":1,"minecraft:stone":36,"minecraft:sugar_cane":1},"minecraft:killed":{"minecraft:zombie":4,"minecraft:spider":1},"minecraft:custom":{"minecraft:time_since_rest":1203,"minecraft:sprint_one_cm":64144,"minecraft:damage_taken":12190,"minecraft:walk_one_cm":81103,"minecraft:mob_kills":8,"minecraft:drop":1,"minecraft:damage_dealt":533,"minecraft:damage_dealt_absorbed":7,"minecraft:interact_with_crafting_table":5,"minecraft:fly_one_cm":133564,"minecraft:open_chest":3,"minecraft:play_time":27350,"minecraft:deaths":7,"minecraft:sneak_time":30,"minecraft:walk_under_water_one_cm":4621,"minecraft:jump":635,"minecraft:time_since_death":1168,"minecraft:walk_on_water_one_cm":13569,"minecraft:sleep_in_bed":2,"minecraft:climb_one_cm":3414,"minecraft:total_world_time":27350,"minecraft:fall_one_cm":16339},"minecraft:crafted":{"minecraft:oak_planks":10,"minecraft:crafting_table":1,"minecraft:spruce_planks":44,"minecraft:stick":20,"minecraft:wooden_pickaxe":1,"minecraft:stone_pickaxe":1,"minecraft:torch":56,"sanitydim:garland":1,"minecraft:stone_axe":1},"minecraft:picked_up":{"gamma_beasts:thin_oak_log":1,"minecraft:raw_iron":2,"minecraft:crafting_table":2,"minecraft:torch":3,"minecraft:dandelion":20,"minecraft:oak_log":2,"minecraft:white_bed":5,"minecraft:spruce_log":11,"minecraft:string":1,"minecraft:soul_soil":1,"minecraft:red_bed":1,"minecraft:dirt":14,"minecraft:white_carpet":7,"minecraft:rotten_flesh":9,"minecraft:wheat_seeds":1,"minecraft:spruce_planks":5,"minecraft:stone_pickaxe":1,"minecraft:granite":12,"gamma_beasts:coal_nugget":2,"minecraft:poppy":1,"minecraft:light_gray_carpet":3,"minecraft:sugar_cane":6,"minecraft:coal":22,"minecraft:cobblestone":37},"minecraft:killed_by":{"man:managgresive":1,"minecraft:skeleton":2,"minecraft:creeper":1,"gamma_beasts:careyatros_a":1},"minecraft:dropped":{"minecraft:stone_pickaxe":1},"minecraft:used":{"minecraft:stone_pickaxe":79,"minecraft:poppy":1,"minecraft:spruce_planks":10,"minecraft:wooden_pickaxe":8,"minecraft:torch":12,"minecraft:stone_axe":22,"minecraft:dirt":5,"minecraft:cobblestone":7,"sanitydim:garland":1,"minecraft:crafting_table":2,"minecraft:white_bed":5}},"DataVersion":3465}