{"stats":{"minecraft:mined":{"minecraft:light_gray_carpet":3,"minecraft:white_bed":1,"minecraft:red_bed":1,"minecraft:iron_ore":2,"minecraft:ice":2,"minecraft:white_carpet":9,"minecraft:spruce_log":13,"minecraft:dandelion":13,"minecraft:torch":3,"minecraft:crafting_table":2,"gravestone:gravestone":1,"minecraft:granite":12,"minecraft:grass":3,"minecraft:oak_log":2,"minecraft:grass_block":4,"minecraft:coal_ore":21,"minecraft:poppy":1,"minecraft:dirt":1,"minecraft:stone":34,"minecraft:sugar_cane":1},"minecraft:killed":{"minecraft:zombie":2},"minecraft:custom":{"minecraft:time_since_rest":7316,"minecraft:sprint_one_cm":42135,"minecraft:damage_taken":10135,"minecraft:walk_one_cm":36690,"minecraft:mob_kills":2,"minecraft:drop":1,"minecraft:damage_dealt":174,"minecraft:interact_with_crafting_table":5,"minecraft:fly_one_cm":95723,"minecraft:open_chest":1,"minecraft:play_time":15350,"minecraft:deaths":1,"minecraft:sneak_time":30,"minecraft:walk_under_water_one_cm":1488,"minecraft:jump":363,"minecraft:time_since_death":7283,"minecraft:walk_on_water_one_cm":2596,"minecraft:climb_one_cm":3414,"minecraft:total_world_time":15350,"minecraft:fall_one_cm":10541},"minecraft:crafted":{"minecraft:oak_planks":8,"minecraft:crafting_table":1,"minecraft:spruce_planks":44,"minecraft:stick":8,"minecraft:wooden_pickaxe":1,"minecraft:stone_pickaxe":1,"minecraft:torch":8,"sanitydim:garland":1,"minecraft:stone_axe":1},"minecraft:picked_up":{"minecraft:raw_iron":2,"minecraft:crafting_table":2,"minecraft:torch":3,"minecraft:dandelion":12,"minecraft:oak_log":2,"minecraft:white_bed":3,"minecraft:spruce_log":11,"minecraft:red_bed":1,"minecraft:dirt":5,"minecraft:white_carpet":7,"minecraft:rotten_flesh":2,"minecraft:granite":12,"gamma_beasts:coal_nugget":2,"minecraft:poppy":1,"minecraft:light_gray_carpet":3,"minecraft:sugar_cane":6,"minecraft:coal":21,"minecraft:cobblestone":34},"minecraft:dropped":{"minecraft:stone_pickaxe":1},"minecraft:used":{"minecraft:stone_pickaxe":74,"minecraft:poppy":1,"minecraft:wooden_pickaxe":8,"minecraft:torch":3,"minecraft:stone_axe":17,"minecraft:dirt":5,"minecraft:cobblestone":7,"sanitydim:garland":1,"minecraft:crafting_table":2,"minecraft:white_bed":3}},"DataVersion":3465}