{"stats":{"minecraft:crafted":{"minecraft:cherry_planks":40,"minecraft:crafting_table":1,"minecraft:stick":8,"minecraft:wooden_pickaxe":1},"minecraft:used":{"minecraft:dirt":19,"minecraft:crafting_table":1,"minecraft:stone_pickaxe":15,"minecraft:oak_planks":3,"minecraft:wooden_pickaxe":1},"minecraft:custom":{"minecraft:time_since_rest":640,"minecraft:play_time":9876,"minecraft:sprint_one_cm":17570,"minecraft:walk_one_cm":26439,"minecraft:damage_taken":11270,"minecraft:deaths":5,"minecraft:jump":334,"minecraft:damage_dealt":318,"minecraft:time_since_death":610,"minecraft:total_world_time":9876,"minecraft:interact_with_crafting_table":2,"minecraft:fall_one_cm":9697,"minecraft:fly_one_cm":32875},"minecraft:mined":{"minecraft:pink_petals":10,"minecraft:grass":13,"minecraft:grass_block":2,"minecraft:dirt":1,"minecraft:cherry_log":11,"minecraft:stone":2,"minecraft:crafting_table":1,"minecraft:coal_ore":3},"minecraft:picked_up":{"man:cassette_1safetyinstructions":3,"minecraft:pink_petals":48,"minecraft:cherry_planks":58,"minecraft:crafting_table":1,"minecraft:arrow":2,"minecraft:wooden_pickaxe":2,"minecraft:wheat_seeds":6,"minecraft:stone_pickaxe":2,"minecraft:cherry_log":13,"minecraft:cobblestone":2,"minecraft:coal":4,"minecraft:oak_planks":6,"minecraft:dirt":20,"minecraft:stick":12},"minecraft:killed_by":{"minecraft:skeleton":1,"man:managgresive":1,"killers:clown_killer":2}},"DataVersion":3465}