{"stats":{"minecraft:crafted":{"minecraft:cherry_planks":24,"minecraft:oak_planks":4,"minecraft:crafting_table":1,"minecraft:stick":4,"minecraft:wooden_axe":1},"minecraft:used":{"minecraft:wooden_axe":2,"minecraft:mutton":2,"minecraft:crafting_table":1},"minecraft:custom":{"minecraft:time_since_rest":7173,"minecraft:crouch_one_cm":27,"minecraft:play_time":7173,"minecraft:sprint_one_cm":17921,"minecraft:damage_taken":110,"minecraft:walk_one_cm":30115,"minecraft:sneak_time":12,"minecraft:walk_under_water_one_cm":591,"minecraft:mob_kills":2,"minecraft:jump":219,"minecraft:damage_dealt":271,"minecraft:time_since_death":7173,"minecraft:walk_on_water_one_cm":3515,"minecraft:total_world_time":7173,"minecraft:swim_one_cm":1101,"minecraft:interact_with_crafting_table":3,"minecraft:fall_one_cm":8072,"minecraft:fly_one_cm":40167},"minecraft:mined":{"minecraft:pink_petals":2,"minecraft:grass":9,"minecraft:oak_log":2,"minecraft:cherry_leaves":1,"minecraft:cherry_log":7},"minecraft:killed":{"minecraft:sheep":2},"minecraft:picked_up":{"minecraft:pink_petals":2,"minecraft:cherry_sapling":1,"minecraft:cherry_log":8,"minecraft:oak_log":1,"minecraft:mutton":2,"minecraft:white_wool":2}},"DataVersion":3465}