{"stats":{"minecraft:crafted":{"minecraft:crafting_table":1,"minecraft:stick":4,"minecraft:wooden_axe":1,"minecraft:cherry_planks":52},"minecraft:used":{"minecraft:crafting_table":1,"minecraft:wooden_axe":3},"minecraft:custom":{"minecraft:time_since_rest":5669,"minecraft:crouch_one_cm":93,"minecraft:deaths":1,"minecraft:sprint_one_cm":49590,"minecraft:play_time":9788,"minecraft:damage_taken":306,"minecraft:walk_one_cm":23419,"minecraft:sneak_time":17,"minecraft:mob_kills":4,"minecraft:jump":259,"minecraft:damage_dealt":487,"minecraft:leave_game":2,"minecraft:time_since_death":5640,"minecraft:total_world_time":9788,"minecraft:interact_with_crafting_table":1,"minecraft:fall_one_cm":6084,"minecraft:fly_one_cm":49307},"minecraft:mined":{"minecraft:oak_log":4,"minecraft:grass":10,"minecraft:cherry_leaves":1,"minecraft:cherry_log":14,"minecraft:oak_leaves":2},"minecraft:picked_up":{"man:cassette_1safetyinstructions":1,"minecraft:raw_iron":2,"minecraft:bone":1,"minecraft:arrow":2,"minecraft:wheat_seeds":3,"minecraft:dandelion":12,"minecraft:stone_pickaxe":1,"minecraft:oak_log":4,"minecraft:cherry_log":13,"minecraft:mutton":5,"minecraft:oak_planks":3,"minecraft:white_wool":3,"minecraft:cobblestone":6},"minecraft:killed":{"minecraft:sheep":3,"minecraft:skeleton":1},"minecraft:killed_by":{"minecraft:creeper":1}},"DataVersion":3465}