{"stats":{"minecraft:mined":{"gravestone:gravestone":4,"minecraft:grass":2,"minecraft:poppy":1,"minecraft:spruce_leaves":4,"minecraft:spruce_log":9,"minecraft:dandelion":7},"minecraft:custom":{"minecraft:time_since_rest":700,"minecraft:deaths":4,"minecraft:play_time":8371,"minecraft:sprint_one_cm":48212,"minecraft:damage_taken":1060,"minecraft:walk_one_cm":13910,"minecraft:jump":267,"minecraft:total_world_time":8371,"minecraft:time_since_death":676,"minecraft:sleep_in_bed":1,"minecraft:fall_one_cm":5318,"minecraft:fly_one_cm":73173},"minecraft:crafted":{"minecraft:spruce_planks":32},"minecraft:picked_up":{"minecraft:bone":2,"minecraft:arrow":3,"minecraft:rotten_flesh":2,"minecraft:dandelion":7,"minecraft:spruce_sapling":1,"minecraft:poppy":1,"minecraft:spruce_log":9},"minecraft:killed_by":{"minecraft:skeleton":3,"minecraft:zombie":1},"minecraft:used":{"minecraft:spruce_planks":7,"minecraft:spruce_log":1}},"DataVersion":3465}